{"cameraMode":{"drawMode":0,"name":"Shaded","section":"Shading Mode"},"sceneLighting":true,"audioPlay":false,"sceneViewState":{"m_AlwaysRefresh":false,"showFog":true,"showSkybox":true,"showFlares":true,"showImageEffects":true,"showParticleSystems":true,"showVisualEffectGraphs":true,"m_FxEnabled":true},"in2DMode":false,"pivot":{"x":-0.01870628446340561,"y":0.010844804346561432,"z":7.6652655601501469},"rotation":{"x":0.17508116364479066,"y":-0.774132490158081,"z":-0.243037149310112,"w":-0.5576943755149841},"size":0.04568277299404144,"orthographic":false}