{"cameraMode":{"drawMode":0,"name":"Shaded","section":"Shading Mode"},"sceneLighting":true,"audioPlay":false,"sceneViewState":{"m_AlwaysRefresh":false,"showFog":true,"showSkybox":true,"showFlares":true,"showImageEffects":true,"showParticleSystems":true,"showVisualEffectGraphs":true,"m_FxEnabled":true},"in2DMode":false,"pivot":{"x":-1.9428684711456299,"y":2.115650177001953,"z":-16.09388542175293},"rotation":{"x":0.19840213656425477,"y":-0.29186737537384035,"z":0.06202538311481476,"w":0.9335975646972656},"size":20.433198928833009,"orthographic":false}