{"cameraMode":{"drawMode":0,"name":"Shaded","section":"Shading Mode"},"sceneLighting":false,"audioPlay":false,"sceneViewState":{"m_AlwaysRefresh":false,"showFog":true,"showSkybox":false,"showFlares":true,"showImageEffects":true,"showParticleSystems":true,"showVisualEffectGraphs":true,"m_FxEnabled":true},"in2DMode":false,"pivot":{"x":31.4080810546875,"y":-0.0891408920288086,"z":-3.2627367973327638},"rotation":{"x":0.42074495553970339,"y":-0.02176889404654503,"z":0.010099797509610653,"w":0.9068648219108582},"size":7.635113716125488,"orthographic":true}