{"cameraMode":{"drawMode":0,"name":"Shaded","section":"Shading Mode"},"sceneLighting":false,"audioPlay":false,"sceneViewState":{"m_AlwaysRefresh":false,"showFog":true,"showSkybox":false,"showFlares":true,"showImageEffects":true,"showParticleSystems":true,"showVisualEffectGraphs":true,"m_FxEnabled":true},"in2DMode":false,"pivot":{"x":-0.7655820846557617,"y":2.2852678298950197,"z":0.5106316208839417},"rotation":{"x":0.7102817893028259,"y":-0.0010559839429333807,"z":0.0010654081124812365,"w":0.7039178013801575},"size":23.019824981689454,"orthographic":true}