{"cameraMode":{"drawMode":0,"name":"Shaded","section":"Shading Mode"},"sceneLighting":false,"audioPlay":false,"sceneViewState":{"m_AlwaysRefresh":false,"showFog":true,"showSkybox":false,"showFlares":true,"showImageEffects":true,"showParticleSystems":true,"showVisualEffectGraphs":true,"m_FxEnabled":true},"in2DMode":false,"pivot":{"x":0.03000044822692871,"y":2.5062501430511476,"z":-20.49250030517578},"rotation":{"x":0.29702866077423098,"y":-0.18327516317367555,"z":0.058203134685754779,"w":0.9353073239326477},"size":15.756180763244629,"orthographic":true}