{"cameraMode":{"drawMode":0,"name":"Shaded","section":"Shading Mode"},"sceneLighting":false,"audioPlay":false,"sceneViewState":{"m_AlwaysRefresh":false,"showFog":true,"showSkybox":false,"showFlares":true,"showImageEffects":true,"showParticleSystems":true,"showVisualEffectGraphs":true,"m_FxEnabled":true},"in2DMode":false,"pivot":{"x":0.03000044822692871,"y":2.5062501430511476,"z":-20.49250030517578},"rotation":{"x":0.6092542409896851,"y":-0.024967215955257417,"z":0.01919797994196415,"w":0.7923508882522583},"size":15.756180763244629,"orthographic":true}